Species,Life form,Longitude,Latitude,MAT,MAP,K value_yr-1_,Ln(k),Size,C (mg/g),N (mg/g),C: N,P (mg/g),Lignin (%),Ca (mg/g),Reference
native ,Mixed,91.93,25.57,16.4,1829,1.62,0.48,fine root,471,11.8,39.9,0.36,25.9,,Arunachalam et al. 1996
native ,Mixed,91.93,25.57,16.4,1829,1.68,0.52,fine root,444,9.5,46.7,0.48,22.9,,Arunachalam et al. 1996
native ,Mixed,91.93,25.57,16.4,1829,1.74,0.55,fine root,446,7.4,60.3,0.88,22.3,,Arunachalam et al. 1996
Phaseolus vulgaris ,Graminoid,75.85,29.97,28,2500,0.033,-3.41,,473,12.2,38.8,,29.4,,Arunachalam et al. 2003
Pisum sativum,Graminoid,75.85,29.97,28,2500,0.032,-3.44,,462,15.5,29.8,,27.5,,Arunachalam et al. 2003
Eichhornia crassipes ,Graminoid,93.51,28,21.4,2727,4.745,1.56,,336,15.7,21.3,2.08,18.7,,Balasubramanian et al. 2012
Eichhornia crassipes ,Graminoid,93.51,28,21.4,2727,3.83,1.34,,296,12.3,24,1.93,23.9,,Balasubramanian et al. 2012
Eichhornia crassipes ,Graminoid,93.51,28,21.4,2727,3.03,1.11,,288,10.1,28.5,1.02,26.3,,Balasubramanian et al. 2012
Pinus sylvestris L. ,Conifer,16.5,60.82,3.8,609,0.195,-1.63,fine root,515,5.7,90.4,0.69,,1.6,Berg 1984
Pinus sylvestris L. ,Conifer,16.5,60.82,3.8,609,0.153,-1.88,fine root,514,3.4,151.2,0.73,,1.8,Berg 1984
Dacryodes excelsa ,Evergreen broadleaf,-65.75,18.28,22.5,4000,0.83,-0.19,fine root,511,16,31.9,0.67,26.8,3.4,Bloomfield et al. 1993
Prestoea montana,Evergreen broadleaf,-65.75,18.28,22.5,4000,0.6,-0.51,fine root,471,9,52.3,0.69,28.7,3.1,Bloomfield et al. 1993
native ,Graminoid,-105.82,40.67,-3.8,930,0.0062,-5.08,fine root,,11,,,,,Bryant et al. 1998
native ,Graminoid,-105.82,40.67,-3.8,930,0.0106,-4.55,fine root,,11,,,,,Bryant et al. 1998
native ,Graminoid,-105.82,40.67,-3.8,930,0.0067,-5.01,fine root,,11,,,,,Bryant et al. 1998
Halimione portulacoides ,Shrub ,5.29,52.13,9,807,0.441,-0.82,,,,,,,,Buth 1987
Halimione portulacoides ,Shrub ,5.29,52.13,9,807,0.311,-1.17,,,,,,,,Buth 1987
native ,Mixed,-65.38,-42.65,13.7,235.9,0.008,-4.83,fine root,417,8.4,49.7,,11.5,,Carrera et al. 2008
native ,Mixed,-65.38,-42.65,13.7,235.9,0.006,-5.12,fine root,446,8.7,51.3,,14.5,,Carrera et al. 2008
Picea sitchensis ,Conifer,-124,45.06,10,3420,0.021,-3.86,coarse root,,,,,,,Chen et al. 2001
Picea sitchensis ,Conifer,-124,45.06,10,3420,0.016,-4.14,coarse root,,,,,,,Chen et al. 2001
Tsuga heterophylla ,Conifer,-124,45.06,10,3420,0.04,-3.22,coarse root,505,2.5,202,,31.3,,Chen et al. 2001
Tsuga heterophylla ,Conifer,-124,45.06,10,3420,0.049,-3.02,coarse root,501,1.6,313,,24.5,,Chen et al. 2001
Pseudotsuga menziesii ,Conifer,-91.53,31.72,8.5,2300,0.011,-4.51,coarse root,513,2.7,190,,34,,Chen et al. 2001
Pseudotsuga menziesii ,Conifer,-91.53,31.72,8.5,2300,0.013,-4.34,coarse root,505,2.7,187,,32.1,,Chen et al. 2001
Tsuga heterophylla ,Conifer,-91.53,31.72,8.5,2300,0.034,-3.38,coarse root,505,2.5,202,,31.3,,Chen et al. 2001
Tsuga heterophylla ,Conifer,-91.53,31.72,8.5,2300,0.033,-3.41,coarse root,501,1.6,313,,24.5,,Chen et al. 2001
Pinus contorta ,Conifer,-121.61,43.74,5.7,525,0.025,-3.69,coarse root,506,2.1,241,,29.6,,Chen et al. 2001
Pinus contorta,Conifer,-121.61,43.74,5.7,525,0.03,-3.51,coarse root,512,2.8,183,,36.4,,Chen et al. 2001
Pinus ponderosa ,Conifer,-121.61,43.74,5.7,525,0.077,-2.56,coarse root,507,3.4,149,,27.2,,Chen et al. 2001
Pinus ponderosa ,Conifer,-121.61,43.74,5.7,525,0.073,-2.62,coarse root,511,1.8,284,,27.7,,Chen et al. 2001
native ,Evergreen broadleaf,-163,5.32,27,5050,1.064,0.06,fine root,440,12,36.7,,34.5,,Chimner and Ewel 2005
native ,Evergreen broadleaf,-163,5.32,27,5050,0.58,-0.54,fine root,442,13,34,,35.2,,Chimner and Ewel 2005
native ,Graminoid,-75.67,37.67,14.2,1050,0.51,-0.67,coarse root,,4.9,,0.7,17,,Conn and Day 1997
native ,Graminoid,-75.67,37.67,14.2,1050,0.43,-0.84,coarse root,,4.9,,0.7,17,,Conn and Day 1997
native ,Graminoid,-75.67,37.67,14.2,1050,0.37,-0.99,coarse root,,4.9,,0.7,17,,Conn and Day 1997
native ,Graminoid,-75.67,37.67,14.2,1050,0.34,-1.08,coarse root,,4.9,,0.7,17,,Conn and Day 1997
native ,Graminoid,-75.67,37.67,14.2,1050,0.29,-1.24,coarse root,,9.1,,1,17,,Conn and Day 1997
native ,Graminoid,-75.67,37.67,14.2,1050,0.33,-1.11,coarse root,,9.1,,1,17,,Conn and Day 1997
native ,Graminoid,-75.67,37.67,14.2,1050,0.3,-1.2,coarse root,,9.1,,1,17,,Conn and Day 1997
native ,Graminoid,-75.67,37.67,14.2,1050,0.21,-1.56,coarse root,,9.1,,1,17,,Conn and Day 1997
native ,Graminoid,-75.67,37.67,14.2,1050,0.34,-1.08,fine root,,4.7,,1.3,10,,Conn and Day 1997
native ,Graminoid,-75.67,37.67,14.2,1050,0.44,-0.82,fine root,,4.7,,1.3,10,,Conn and Day 1997
native ,Graminoid,-75.67,37.67,14.2,1050,0.47,-0.76,fine root,,4.7,,1.3,10,,Conn and Day 1997
native ,Graminoid,-75.67,37.67,14.2,1050,0.55,-0.6,fine root,,4.7,,1.3,10,,Conn and Day 1997
native ,Graminoid,-75.67,37.67,14.2,1050,0.7,-0.36,fine root,,5.9,,1.5,9.5,,Conn and Day 1997
native ,Graminoid,-75.67,37.67,14.2,1050,0.81,-0.21,fine root,,5.9,,1.5,9.5,,Conn and Day 1997
native ,Graminoid,-75.67,37.67,14.2,1050,0.69,-0.37,fine root,,5.9,,1.5,9.5,,Conn and Day 1997
native ,Graminoid,-75.67,37.67,14.2,1050,0.62,-0.48,fine root,,5.9,,1.5,9.5,,Conn and Day 1997
native ,Graminoid,-75.67,37.67,14.2,1050,0.46,-0.78,fine root,,7,,1.3,13,,Conn and Day 1997
native ,Graminoid,-75.67,37.67,14.2,1050,0.74,-0.3,fine root,,7,,1.3,13,,Conn and Day 1997
native ,Graminoid,-75.67,37.67,14.2,1050,0.72,-0.33,fine root,,7,,1.3,13,,Conn and Day 1997
native ,Graminoid,-75.67,37.67,14.2,1050,0.68,-0.39,fine root,,7,,1.3,13,,Conn and Day 1997
native ,Graminoid,-75.67,37.67,14.2,1050,0.68,-0.39,fine root,,8.1,,1.2,20,,Conn and Day 1997
native ,Graminoid,-75.67,37.67,14.2,1050,0.97,-0.03,fine root,,8.1,,1.2,20,,Conn and Day 1997
native ,Graminoid,-75.67,37.67,14.2,1050,0.89,-0.12,fine root,,8.1,,1.2,20,,Conn and Day 1997
native ,Graminoid,-75.67,37.67,14.2,1050,0.9,-0.11,fine root,,8.1,,1.2,20,,Conn and Day 1997
native ,Graminoid,-75.67,37.67,14.2,1050,0.29,-1.24,fine root,,14.6,,0.5,27,,Conn and Day 1997
native ,Graminoid,-75.67,37.67,14.2,1050,0.22,-1.51,fine root,,14.6,,0.5,27,,Conn and Day 1997
native ,Graminoid,-75.67,37.67,14.2,1050,0.16,-1.83,fine root,,14.6,,0.5,27,,Conn and Day 1997
native ,Graminoid,-75.67,37.67,14.2,1050,0.13,-2.04,fine root,,14.6,,0.5,27,,Conn and Day 1997
native ,Graminoid,-75.67,37.67,14.2,1050,0.34,-1.08,fine root,,13.3,,1.3,17,,Conn and Day 1997
native ,Graminoid,-75.67,37.67,14.2,1050,0.24,-1.43,fine root,,13.3,,1.3,17,,Conn and Day 1997
native ,Graminoid,-75.67,37.67,14.2,1050,0.2,-1.61,fine root,,13.3,,1.3,17,,Conn and Day 1997
native ,Graminoid,-75.67,37.67,14.2,1050,0.22,-1.51,fine root,,13.3,,1.3,17,,Conn and Day 1997
Spartina patens ,Graminoid,-75.67,37.67,14.2,1050,0.29,-1.24,fine root,,,,,,,Conn and Day 1997
Spartina patens ,Graminoid,-75.67,37.67,14.2,1050,0.33,-1.11,fine root,,,,,,,Conn and Day 1997
Spartina patens ,Graminoid,-75.67,37.67,14.2,1050,0.3,-1.2,fine root,,,,,,,Conn and Day 1997
Spartina patens ,Graminoid,-75.67,37.67,14.2,1050,0.21,-1.56,fine root,,,,,,,Conn and Day 1997
native ,Mixed,-81.14,33.15,17.8,1218,0.63,-0.46,coarse root,496,5.2,96,1.1,56.4,,Crawford et al. 2007
native ,Mixed,-81.14,33.15,17.8,1218,0.633,-0.46,coarse root,496,5.2,96,1.1,56.4,,Crawford et al. 2007
native ,Mixed,-91.11,43.3,7.6,815,0.65,-0.43,coarse root,475,8.4,57,0.9,55.8,,Crawford et al. 2007
native ,Mixed,-91.11,43.3,7.6,815,0.606,-0.5,coarse root,475,8.4,57,0.9,55.8,,Crawford et al. 2007
native ,Mixed,-81.14,33.15,17.8,1218,1.57,0.45,coarse root,496,5.2,96,1.1,56.4,,Crawford et al. 2007
native ,Mixed,-81.14,33.15,17.8,1218,0.61,-0.49,coarse root,496,5.2,96,1.1,56.4,,Crawford et al. 2007
native ,Mixed,-91.11,43.3,7.6,815,0.574,-0.56,coarse root,475,8.4,57,0.9,55.8,,Crawford et al. 2007
native ,Mixed,-91.11,43.3,7.6,815,0.633,-0.46,coarse root,475,8.4,57,0.9,55.8,,Crawford et al. 2007
native ,Mixed,-81.14,33.15,17.8,1218,0.657,-0.42,coarse root,496,5.2,96,1.1,56.4,,Crawford et al. 2007
native ,Mixed,-81.14,33.15,17.8,1218,0.636,-0.45,coarse root,496,5.2,96,1.1,56.4,,Crawford et al. 2007
native ,Mixed,-91.11,43.3,7.6,815,0.643,-0.44,coarse root,475,8.4,57,0.9,55.8,,Crawford et al. 2007
native ,Mixed,-91.11,43.3,7.6,815,0.643,-0.44,coarse root,475,8.4,57,0.9,55.8,,Crawford et al. 2007
native ,Mixed,-81.14,33.15,17.8,1218,0.706,-0.35,coarse root,496,5.2,96,1.1,56.4,,Crawford et al. 2007
native ,Mixed,-81.14,33.15,17.8,1218,0.601,-0.51,coarse root,496,5.2,96,1.1,56.4,,Crawford et al. 2007
native ,Mixed,-91.11,43.3,7.6,815,0.687,-0.38,coarse root,475,8.4,57,0.9,55.8,,Crawford et al. 2007
native ,Mixed,-91.11,43.3,7.6,815,0.663,-0.41,coarse root,475,8.4,57,0.9,55.8,,Crawford et al. 2007
native mixed oaks,Deciduous broadleaf,-82.37,39.18,11.3,1024,2.6,0.96,fine root,,,,,,,Dress and Boerner 2003
native mixed oaks,Deciduous broadleaf,-82.37,39.18,11.3,1024,1.22,0.2,fine root,,,,,,,Dress and Boerner 2003
native mixed oaks,Deciduous broadleaf,-82.37,39.18,11.3,1024,0.554,-0.59,fine root,,,,,,,Dress and Boerner 2003
native mixed oaks,Deciduous broadleaf,-82.37,39.18,11.3,1024,3.168,1.15,fine root,,,,,,,Dress and Boerner 2003
native mixed oaks,Deciduous broadleaf,-82.37,39.18,11.3,1024,1.35,0.3,fine root,,,,,,,Dress and Boerner 2003
native mixed oaks,Deciduous broadleaf,-82.37,39.18,11.3,1024,0.589,-0.53,fine root,,,,,,,Dress and Boerner 2003
native mixed oaks,Deciduous broadleaf,-82.37,39.18,11.3,1024,2.976,1.09,fine root,,,,,,,Dress and Boerner 2003
native mixed oaks,Deciduous broadleaf,-82.37,39.18,11.3,1024,1.256,0.23,fine root,,,,,,,Dress and Boerner 2003
native mixed oaks,Deciduous broadleaf,-82.37,39.18,11.3,1024,0.567,-0.57,fine root,,,,,,,Dress and Boerner 2003
Fraxinus mandshurica ,Deciduous broadleaf,127.53,45.38,2.2,652,0.628,-0.47,fine root,,27.8,,,,,Fan and Guo 2010
Fraxinus mandshurica ,Deciduous broadleaf,127.53,45.38,2.2,652,0.563,-0.57,fine root,,18.1,,,,,Fan and Guo 2010
Fraxinus mandshurica ,Deciduous broadleaf,127.53,45.38,2.2,652,0.505,-0.68,fine root,,9.3,,,,,Fan and Guo 2010
Larix gmelinii ,Conifer,127.53,45.38,2.2,652,0.742,-0.3,fine root,,21.5,,,,,Fan and Guo 2010
Larix gmelinii ,Conifer,127.53,45.38,2.2,652,0.712,-0.34,fine root,,14.8,,,,,Fan and Guo 2010
Larix gmelinii ,Conifer,127.53,45.38,2.2,652,0.612,-0.49,fine root,,12.4,,,,,Fan and Guo 2010
Achillea millefolium,Graminoid,-72.18,42.48,7,1237,1.251,0.22,fine root,,15.1,,,,,Fornara et al. 2009
Asclepias tuberosa,Graminoid,-72.18,42.48,7,1237,0.957,-0.04,fine root,,18.1,,,,,Fornara et al. 2009
Liatris aspera,Graminoid,-72.18,42.48,7,1237,0.938,-0.06,fine root,,9,,,,,Fornara et al. 2009
Monarda fistulosa ,Graminoid,-72.18,42.48,7,1237,1.415,0.35,fine root,,8.9,,,,,Fornara et al. 2009
Solidago rigida,Graminoid,-72.18,42.48,7,1237,1.534,0.43,fine root,,11.6,,,,,Fornara et al. 2009
Amorpha canescens,Graminoid,-72.18,42.48,7,1237,1.279,0.25,fine root,,16.2,,,,,Fornara et al. 2009
Lespedeza capitata,Graminoid,-72.18,42.48,7,1237,1.011,0.01,fine root,,20,,,,,Fornara et al. 2009
Lupinus perennis,Graminoid,-72.18,42.48,7,1237,0.989,-0.01,fine root,,19.3,,,,,Fornara et al. 2009
Petalostimum purpureum,Graminoid,-72.18,42.48,7,1237,1.451,0.37,fine root,,13.4,,,,,Fornara et al. 2009
Poa pratensis,Graminoid,-72.18,42.48,7,1237,1.945,0.67,fine root,,11.8,,,,,Fornara et al. 2009
Agropyron smithii,Graminoid,-72.18,42.48,7,1237,1.685,0.52,fine root,,11.7,,,,,Fornara et al. 2009
Elymus canadensis,Graminoid,-72.18,42.48,7,1237,1.564,0.45,fine root,,13.3,,,,,Fornara et al. 2009
Koeleria cristata,Graminoid,-72.18,42.48,7,1237,1.957,0.67,fine root,,12.6,,,,,Fornara et al. 2009
Andropogon gerardi,Graminoid,-72.18,42.48,7,1237,2.2,0.79,fine root,,6,,,,,Fornara et al. 2009
Schizachyrium scoparium,Graminoid,-72.18,42.48,7,1237,2.386,0.87,fine root,,8.7,,,,,Fornara et al. 2009
Sorghastrum nutans ,Graminoid,-72.18,42.48,7,1237,2.208,0.79,fine root,,8.7,,,,,Fornara et al. 2009
Chamaecyparis obtusa ,Conifer,135.72,35.07,14.9,1419,0.243,-1.41,fine root,,,36,,,,Fujii and Takeda 2012
Chamaecyparis obtusa ,Conifer,135.72,35.07,14.9,1419,0.206,-1.58,fine root,,,36,,,,Fujii and Takeda 2012
Hopea ferrea,Evergreen broadleaf,101.92,14.5,26.2,1240,0.55,-0.6,coarse root 2-5 mm,491,6.7,73.3,,,,Fujimaki et al. 2008
Hopea ferrea,Evergreen broadleaf,101.92,14.5,26.2,1240,1.27,0.24,fine root,501,11,45.5,,,,Fujimaki et al. 2008
Mixed trees,deciduous broad-leaved trees,101.92,14.5,26.2,1240,0.73,-0.31,fine root,507,10.1,50.2,,,,Fujimaki et al. 2008
Arundinaria pusilla ,deciduous broad-leaved trees,101.92,14.5,26.2,1240,0.66,-0.42,fine root,509,11.3,45,,,,Fujimaki et al. 2008
native ,Graminoid,116.68,43.58,0.7,330,0.2,-1.61,,458,10.4,44,,23,,Giese et al. 2009
native ,Graminoid,116.68,43.55,0.7,330,0.23,-1.47,,357,8.3,43,,20,,Giese et al. 2009
native ,Graminoid,116.68,43.55,0.7,330,0.17,-1.77,,384,10.1,38,,20.4,,Giese et al. 2009
native ,Graminoid,116.68,43.58,0.7,330,0.2,-1.61,,458,10.4,44,,23,,Giese et al. 2009
native ,Graminoid,116.68,43.55,0.7,330,0.15,-1.9,,357,8.3,43,,20,,Giese et al. 2009
native ,Graminoid,116.68,43.55,0.7,330,0.22,-1.51,,384,10.1,38,,20.4,,Giese et al. 2009
Bouteloua gracilis,Graminoid,-104.77,40.77,8.2,322,0.26,-1.35,,483,8,60.4,,14.6,,Gill and Burke 2002
Bouteloua gracilis,Graminoid,-104.77,40.77,8.2,322,0.22,-1.51,,483,8,60.4,,14.6,,Gill and Burke 2002
Bouteloua gracilis,Graminoid,-104.77,40.77,8.2,322,0.17,-1.77,,483,8,60.4,,14.6,,Gill and Burke 2002
Bouteloua gracilis,Graminoid,-104.77,40.77,8.2,322,0.14,-1.97,,483,8,60.4,,14.6,,Gill and Burke 2002
Calamagrostis angustifolia ,Graminoid,133.52,47.58,1.9,600,2.853,1.05,,437,11.6,37.7,1,,,Guo et al. 2008
Calamagrostis angustifolia ,Graminoid,133.52,47.58,1.9,600,2.746,1.01,,413,10,41.3,0.9,,,Guo et al. 2008
Carex meyeriana,Graminoid,133.52,47.58,1.9,600,2.568,0.94,,420,10.4,40.4,0.7,,,Guo et al. 2008
Carex meyeriana,Graminoid,133.52,47.58,1.9,600,2.963,1.09,,437,11.6,37.7,1,,,Guo et al. 2008
Carex lasiocarpa,Graminoid,133.52,47.58,1.9,600,2.945,1.08,,413,10,41.3,0.9,,,Guo et al. 2008
Carex lasiocarpa,Graminoid,133.52,47.58,1.9,600,2.619,0.96,,420,10.4,40.4,0.7,,,Guo et al. 2008
Chenopodium album,Graminoid,75.85,29.97,25.2,1365,13.61,2.61,,522,9.8,53.3,,3.4,,Gupta and Singh 1981
Chenopodium album,Graminoid,75.85,29.97,25.2,1365,10.366,2.34,,522,9.8,53.3,,3.4,,Gupta and Singh 1981
Chenopodium album,Graminoid,75.85,29.97,25.2,1365,8.942,2.19,,522,9.8,53.3,,3.4,,Gupta and Singh 1981
Chenopodium album,Graminoid,75.85,29.97,25.2,1365,3.468,1.24,,522,9.8,53.3,,3.4,,Gupta and Singh 1981
Desmostachya bipinnata,Graminoid,75.85,29.97,25.2,1365,0.803,-0.22,,520,5.6,92.9,,8.2,,Gupta and Singh 1981
Desmostachya bipinnata,Graminoid,75.85,29.97,25.2,1365,0.767,-0.27,,520,5.6,92.9,,8.2,,Gupta and Singh 1981
Desmostachya bipinnata,Graminoid,75.85,29.97,25.2,1365,0.621,-0.48,,520,5.6,92.9,,8.2,,Gupta and Singh 1981
Desmostachya bipinnata,Graminoid,75.85,29.97,25.2,1365,0.694,-0.37,,520,5.6,92.9,,8.2,,Gupta and Singh 1981
mixed grasses,Graminoid,75.85,29.97,25.2,1365,1.862,0.62,,413,13.5,30.6,,6.3,,Gupta and Singh 1981
mixed grasses,Graminoid,75.85,29.97,25.2,1365,1.643,0.5,,413,13.5,30.6,,6.3,,Gupta and Singh 1981
mixed grasses,Graminoid,75.85,29.97,25.2,1365,1.46,0.38,,413,13.5,30.6,,6.3,,Gupta and Singh 1981
mixed grasses,Graminoid,75.85,29.97,25.2,1365,1.241,0.22,,413,13.5,30.6,,6.3,,Gupta and Singh 1981
Dichanthium annulatum,Graminoid,75.85,29.97,25.2,1365,2.592,0.95,,484,6.7,72.2,,4.7,,Gupta and Singh 1981
Dichanthium annulatum,Graminoid,75.85,29.97,25.2,1365,2.154,0.77,,484,6.7,72.2,,4.7,,Gupta and Singh 1981
Dichanthium annulatum,Graminoid,75.85,29.97,25.2,1365,1.46,0.38,,484,6.7,72.2,,4.7,,Gupta and Singh 1981
Dichanthium annulatum,Graminoid,75.85,29.97,25.2,1365,1.679,0.52,,484,6.7,72.2,,4.7,,Gupta and Singh 1981
Sesbania bispinosa,Graminoid,75.85,29.97,25.2,1365,14.02,2.64,,509,13.8,36.9,,2.1,,Gupta and Singh 1981
Sesbania bispinosa,Graminoid,75.85,29.97,25.2,1365,4.49,1.5,,509,13.8,36.9,,2.1,,Gupta and Singh 1981
Sesbania bispinosa,Graminoid,75.85,29.97,25.2,1365,4.563,1.52,,509,13.8,36.9,,2.1,,Gupta and Singh 1981
Sesbania bispinosa,Graminoid,75.85,29.97,25.2,1365,4.526,1.51,,509,13.8,36.9,,2.1,,Gupta and Singh 1981
Juncus roemerianus,Graminoid,-92.13,46.75,4.4,708,1.216,0.2,,465,4.6,101,0.63,,,Hackney and De La Cruz 1980
Phragmites australis,Graminoid,13.75,53.37,8.4,564,5.568,1.72,,447,9.4,47.6,,,,Hartmann 1999
Phragmites australis,Graminoid,13.75,53.37,8.4,564,3.209,1.17,,447,9.4,47.6,,,,Hartmann 1999
Phragmites australis,Graminoid,13.75,53.37,8.4,564,2.247,0.81,,447,9.4,47.6,,,,Hartmann 1999
Phragmites australis,Graminoid,13.75,53.37,8.4,564,1.243,0.22,,447,9.4,47.6,,,,Hartmann 1999
Phragmites australis,Graminoid,13.75,53.37,8.4,564,5.556,1.71,,447,9.4,47.6,,,,Hartmann 1999
Phragmites australis,Graminoid,13.75,53.37,8.4,564,3.286,1.19,,447,9.4,47.6,,,,Hartmann 1999
Phragmites australis,Graminoid,13.75,53.37,8.4,564,2.274,0.82,,447,9.4,47.6,,,,Hartmann 1999
Phragmites australis,Graminoid,13.75,53.37,8.4,564,1.167,0.15,,447,9.4,47.6,,,,Hartmann 1999
Carex paniculata,Graminoid,13.75,53.37,8.4,564,4.428,1.49,,460,10.1,45.5,,,,Hartmann 1999
Carex paniculata,Graminoid,13.75,53.37,8.4,564,2.741,1.01,,460,10.1,45.5,,,,Hartmann 1999
Carex paniculata,Graminoid,13.75,53.37,8.4,564,1.876,0.63,,460,10.1,45.5,,,,Hartmann 1999
Carex paniculata,Graminoid,13.75,53.37,8.4,564,0.991,-0.01,,460,10.1,45.5,,,,Hartmann 1999
Carex paniculata,Graminoid,13.75,53.37,8.4,564,4.458,1.49,,460,10.1,45.5,,,,Hartmann 1999
Carex paniculata,Graminoid,13.75,53.37,8.4,564,2.663,0.98,,460,10.1,45.5,,,,Hartmann 1999
Carex paniculata,Graminoid,13.75,53.37,8.4,564,1.868,0.62,,460,10.1,45.5,,,,Hartmann 1999
Carex paniculata,Graminoid,13.75,53.37,8.4,564,1.026,0.03,,460,10.1,45.5,,,,Hartmann 1999
Carex riparia,Graminoid,13.75,53.37,8.4,564,4.284,1.45,,443,9.2,48.2,,,,Hartmann 1999
Carex riparia,Graminoid,13.75,53.37,8.4,564,2.174,0.78,,443,9.2,48.2,,,,Hartmann 1999
Carex riparia,Graminoid,13.75,53.37,8.4,564,1.453,0.37,,443,9.2,48.2,,,,Hartmann 1999
Carex riparia,Graminoid,13.75,53.37,8.4,564,0.791,-0.24,,443,9.2,48.2,,,,Hartmann 1999
Carex riparia,Graminoid,13.75,53.37,8.4,564,3.516,1.26,,443,9.2,48.2,,,,Hartmann 1999
Carex riparia,Graminoid,13.75,53.37,8.4,564,2.28,0.82,,443,9.2,48.2,,,,Hartmann 1999
Carex riparia,Graminoid,13.75,53.37,8.4,564,1.608,0.47,,443,9.2,48.2,,,,Hartmann 1999
Carex riparia,Graminoid,13.75,53.37,8.4,564,0.824,-0.19,,443,9.2,48.2,,,,Hartmann 1999
Picea abies,Conifer,7.77,46.72,5.4,1111,0.337,-1.09,,493,8.8,56,0.8,24.3,4.7,Heim and Frey 2004
Fagus sylvatica,Deciduous broadleaf,7.42,47.23,4.8,1539,0.172,-1.76,,490,9.2,53.3,0.35,39.9,9,Heim and Frey 2004
Castanea sativa,Deciduous broadleaf,8.83,46.03,8.1,2160,0.339,-1.08,,484,9.1,53.2,0.32,31.8,4.4,Heim and Frey 2004
Fagus sylvatica,Deciduous broadleaf,9.07,47.17,8.8,1533,0.306,-1.18,,494,10.6,46.6,0.52,40.2,4.6,Heim and Frey 2004
Picea abies,Conifer,7.88,47.28,8.9,866,0.626,-0.47,,484,10.8,44.8,0.76,27.6,5,Heim and Frey 2004
Spartina anglica,Graminoid,5.29,52.13,9,807,0.783,-0.24,,,8.9,,,,,Hemminga et al. 1988
Spartina anglica,Graminoid,5.29,52.13,9,807,0.441,-0.82,,,8.9,,,,,Hemminga et al. 1988
Spartina anglica,Graminoid,5.29,52.13,9,807,0.837,-0.18,,,8.9,,,,,Hemminga et al. 1988
Spartina anglica,Graminoid,5.29,52.13,9,807,0.629,-0.46,,,8.9,,,,,Hemminga et al. 1988
Spartina anglica,Graminoid,5.29,52.13,9,807,0.353,-1.04,,,8.9,,,,,Hemminga et al. 1988
Spartina anglica,Graminoid,5.29,52.13,9,807,0.533,-0.63,,,8.9,,,,,Hemminga et al. 1988
Spartina anglica,Graminoid,5.29,52.13,9,807,0.533,-0.63,,,8.9,,,,,Hemminga et al. 1988
Spartina anglica,Graminoid,5.29,52.13,9,807,0.397,-0.92,,,8.9,,,,,Hemminga et al. 1988
Spartina anglica,Graminoid,5.29,52.13,9,807,0.629,-0.46,,,8.9,,,,,Hemminga et al. 1988
Spartina anglica,Graminoid,5.29,52.13,9,807,0.397,-0.92,,,8.9,,,,,Hemminga et al. 1988
Spartina anglica,Graminoid,5.29,52.13,9,807,0.311,-1.17,,,8.9,,,,,Hemminga et al. 1988
Abies alba,Conifer,18.1,51.25,8.2,591,0.24,-1.43,fine root,484,8.6,56.3,1.4,34.1,5.9,Hobbie et al. 2010
Acer platanoides,Deciduous broadleaf,18.1,51.25,8.2,591,0.23,-1.47,fine root,465,6.1,76.2,1.1,35.8,7.6,Hobbie et al. 2010
Acer pseudoplatanus,Deciduous broadleaf,18.1,51.25,8.2,591,0.23,-1.47,fine root,481,8.5,56.6,1.1,42.6,7.4,Hobbie et al. 2010
Carpinus betulus,Deciduous broadleaf,18.1,51.25,8.2,591,0.3,-1.2,fine root,473,6.9,68.6,1.1,35,3.5,Hobbie et al. 2010
Fagus sylvatica,Deciduous broadleaf,18.1,51.25,8.2,591,0.3,-1.2,fine root,489,9.5,51.5,1.3,41.1,5.6,Hobbie et al. 2010
Larix decidua,Deciduous broadleaf,18.1,51.25,8.2,591,0.2,-1.61,fine root,465,8.5,54.7,1.2,33.1,4.9,Hobbie et al. 2010
Picea abies,Conifer,18.1,51.25,8.2,591,0.29,-1.24,fine root,480,9,53.3,1.4,34.4,4.6,Hobbie et al. 2010
Pseudotsuga menziesii,Conifer,18.1,51.25,8.2,591,0.18,-1.71,fine root,477,8.7,54.8,1.2,38.9,5,Hobbie et al. 2010
Quercus robur,Deciduous broadleaf,18.1,51.25,8.2,591,0.29,-1.24,fine root,511,8.1,63.1,1.3,36.9,4.4,Hobbie et al. 2010
Quercus robra,Evergreen broadleaf,18.1,51.25,8.2,591,0.2,-1.61,fine root,496,5.4,91.9,1.6,47.9,4.3,Hobbie et al. 2010
Tilia cordata,Deciduous broadleaf,18.1,51.25,8.2,591,0.4,-0.92,fine root,479,4.8,99.7,1.1,37,6.7,Hobbie et al. 2010
Triticum aestivum,Graminoid,148.55,-27.98,21,516,1.574,0.45,fine root,410,9.1,45,,8.7,,Jalota et al. 2006
Triticum aestivum,Graminoid,148.55,-27.98,21,516,4.157,1.42,fine root,410,9.1,45,,8.7,,Jalota et al. 2006
Medicago sativa,Graminoid,148.55,-27.98,21,516,2.244,0.81,fine root,439,16.9,26,,27.7,,Jalota et al. 2006
Medicago sativa,Graminoid,148.55,-27.98,21,516,2.618,0.96,fine root,439,16.9,26,,27.7,,Jalota et al. 2006
Cenchrus ciliaris,Graminoid,148.55,-27.98,21,516,0.359,-1.02,fine root,482,6.5,74.1,,14.8,,Jalota et al. 2006
Cenchrus ciliaris,Graminoid,148.55,-27.98,21,516,0.326,-1.12,fine root,482,6.5,74.1,,14.8,,Jalota et al. 2006
Acacia aneura,Graminoid,148.55,-27.98,21,516,0.266,-1.32,fine root,494,10.7,46.2,,19.5,,Jalota et al. 2006
Acacia aneura,Graminoid,148.55,-27.98,21,516,0.23,-1.47,fine root,494,10.7,46.2,,19.5,,Jalota et al. 2006
Pinus kesiya,Conifer,91.9,25.57,17.3,2054,0.88,-0.13,fine root,278,7.2,38.6,0.48,17.4,,Jhon et al. 2002
Pinus kesiya,Conifer,91.9,25.57,17.3,2054,0.94,-0.06,fine root,256,6.4,40,0.53,19.4,,Jhon et al. 2002
Pinus kesiya,Conifer,91.9,25.57,17.3,2054,0.81,-0.21,fine root,260,6,43.3,0.53,22.6,,Jhon et al. 2002
Carex utriculata,Graminoid,-120.03,38.93,5.7,747,0.619,-0.48,,,8,,0.98,,2.6,Kim 2001
Carex utriculata,Graminoid,-120.03,38.93,5.7,747,0.572,-0.56,,,8,,0.98,,2.6,Kim 2001
Carex utriculata,Graminoid,-120.03,38.93,5.7,747,0.441,-0.82,,,8,,0.98,,2.6,Kim 2001
Phragmites australis,Graminoid,28.5,62.56,2.8,636,0.357,-1.03,,,,,,,,Larmola et al. 2006
Comarum palustre,Graminoid,28.5,62.56,2.8,636,0.288,-1.24,,,,,,,,Larmola et al. 2006
Comarum palustre,Graminoid,28.5,62.56,2.8,636,0.21,-1.56,,,,,,,,Larmola et al. 2006
Spartina,Graminoid,122.02,30.17,15.7,1145,1.99,0.69,,368,6.9,53.3,,13.5,,Liao et al. 2008
Phragmites,Graminoid,122.02,30.17,15.7,1145,2.14,0.76,,328,8.3,39.5,,15.1,,Liao et al. 2008
Scirpus,Graminoid,122.02,30.17,15.7,1145,1.637,0.49,,353,11.3,31.3,,21.8,,Liao et al. 2008
Castanopsis fabri Hance,Evergreen broadleaf,118.15,27.05,19.4,1731,0.66,-0.42,fine root,413,8.1,51,0.43,,,Lin et al. 2011
Castanopsis fabri Hance,Evergreen broadleaf,118.15,27.05,19.4,1731,0.59,-0.53,fine root,397,6.2,64,0.42,,,Lin et al. 2011
Cinnamomumæchekiangense Nakai.,Evergreen broadleaf,118.15,27.05,19.4,1731,0.27,-1.31,fine root,451,9.8,46,0.31,,,Lin et al. 2011
Cinnamomumæchekiangense Nakai.,Evergreen broadleaf,118.15,27.05,19.4,1731,0.38,-0.97,fine root,445,7.8,57,0.27,,,Lin et al. 2011
Tsoongiodendronæodorum Chun,Evergreen broadleaf,118.15,27.05,19.4,1731,0.52,-0.65,fine root,348,12,29,0.55,,,Lin et al. 2011
Tsoongiodendronæodorum Chun,Evergreen broadleaf,118.15,27.05,19.4,1731,0.58,-0.54,fine root,410,10.5,39,0.34,,,Lin et al. 2011
Altingia gracilipes Hemsl.,Evergreen broadleaf,118.15,27.05,19.4,1731,0.27,-1.31,fine root,401,8.9,45,0.28,,,Lin et al. 2011
Altingia gracilipes Hemsl.,Evergreen broadleaf,118.15,27.05,19.4,1731,0.28,-1.27,fine root,434,6.2,70,0.3,,,Lin et al. 2011
Schima superba,Evergreen broadleaf,118.15,27.05,19.4,1731,0.83,-0.19,fine root,460,7.3,63,0.53,,,Lin et al. 2011
Schima superba,Evergreen broadleaf,118.15,27.05,19.4,1731,0.75,-0.29,fine root,482,5.3,91,0.41,,,Lin et al. 2011
Cunninghamia lanceolata,Evergreen broadleaf,118.15,27.05,19.4,1731,0.87,-0.14,fine root,485,5.1,95,0.39,,,Lin et al. 2011
Cunninghamia lanceolata,Evergreen broadleaf,118.15,27.05,19.4,1731,0.36,-1.02,fine root,510,6,85,0.31,,,Lin et al. 2011
Pinus massoniana,Evergreen broadleaf,118.15,27.05,19.4,1731,0.52,-0.65,fine root,442,8.5,52,0.42,,,Lin et al. 2011
Pinus massoniana,Evergreen broadleaf,118.15,27.05,19.4,1731,0.78,-0.25,fine root,447,7.1,63,0.52,,,Lin et al. 2011
Pasture,Graminoid,-65.83,18.3,24,3500,0.8,-0.22,,486,4.8,101.3,0.2,,0.3,Liu and Zou 2002
Stipa krylovii,Graminoid,116.27,42.03,1.6,380,0.54,-0.62,fine root,559,8.1,69,0.95,29.5,4.1,Liu et al. 2009
Cleistogenes squarrosa,Graminoid,116.27,42.03,1.6,380,0.39,-0.94,fine root,468,4,117,1.03,33.2,1.9,Liu et al. 2009
Agropyron cristatum,Graminoid,116.27,42.03,1.6,380,0.46,-0.78,fine root,423,4.7,90,1.31,24.5,1.9,Liu et al. 2009
Stipa krylovii+Cleistogenes squarrosa,Graminoid,116.27,42.03,1.6,380,0.47,-0.76,fine root,,6.1,,0.99,,3,Liu et al. 2009
Agropyron cristatum+Cleistoqenes squarrosa,Graminoid,116.27,42.03,1.6,380,0.42,-0.87,fine root,,4.4,,1.17,,1.9,Liu et al. 2009
Picea abies(L.) Karst.,Conifer,25.01,58.6,5.3,667,0.895,-0.11,fine root,,12.9,,,,,LÝhmus and Ivask 1995
Picea abies(L.) Karst.,Conifer,25.01,58.6,5.3,667,0.638,-0.45,fine root,,12.9,,,,,LÝhmus and Ivask 1995
Picea abies(L.) Karst.,Conifer,25.01,58.6,5.3,667,0.53,-0.63,fine root,,12.9,,,,,LÝhmus and Ivask 1995
Picea abies(L.) Karst.,Conifer,25.01,58.6,5.3,667,0.456,-0.79,fine root,,12.9,,,,,LÝhmus and Ivask 1995
Picea abies(L.) Karst.,Conifer,25.01,58.6,5.3,667,0.392,-0.94,fine root,,12.9,,,,,LÝhmus and Ivask 1995
Picea abies(L.) Karst.,Conifer,25.01,58.6,5.3,667,0.341,-1.08,fine root,,12.9,,,,,LÝhmus and Ivask 1995
Picea abies(L.) Karst.,Conifer,25.01,58.6,5.3,667,0.283,-1.26,fine root,,12.9,,,,,LÝhmus and Ivask 1995
Picea abies(L.) Karst.,Conifer,25.01,58.6,5.3,667,0.222,-1.51,fine root,,12.9,,,,,LÝhmus and Ivask 1995
Picea abies(L.) Karst.,Conifer,25.01,58.6,5.3,667,0.865,-0.14,fine root,,7.3,,,,,LÝhmus and Ivask 1995
Picea abies(L.) Karst.,Conifer,25.01,58.6,5.3,667,0.688,-0.37,fine root,,7.3,,,,,LÝhmus and Ivask 1995
Picea abies(L.) Karst.,Conifer,25.01,58.6,5.3,667,0.517,-0.66,fine root,,7.3,,,,,LÝhmus and Ivask 1995
Picea abies(L.) Karst.,Conifer,25.01,58.6,5.3,667,0.412,-0.89,fine root,,7.3,,,,,LÝhmus and Ivask 1995
Picea abies(L.) Karst.,Conifer,25.01,58.6,5.3,667,0.372,-0.99,fine root,,7.3,,,,,LÝhmus and Ivask 1995
Combretum glutinosum,Shrub ,-15.67,13.75,28.2,720,0.86,-0.15,coarse root,431,8.6,50,0.35,,15.2,Manlay et al. 2004
Combretum glutinosum,Shrub ,-15.67,13.75,28.2,720,0.99,-0.01,coarse root,440,7.6,58,0.27,,10.2,Manlay et al. 2004
Combretum glutinosum,Shrub ,-14.88,12.82,28,960,1.07,0.07,coarse root,470,4.7,100,0.47,,20.6,Manlay et al. 2004
Combretum glutinosum,Shrub ,-14.88,12.82,28,960,0.7,-0.36,coarse root,465,5.1,91,0.47,,31.7,Manlay et al. 2004
Combretum glutinosum,Shrub ,-14.88,12.82,28,960,1.76,0.57,coarse root,471,5.4,87,0.39,,9.5,Manlay et al. 2004
Combretum glutinosum,Shrub ,-14.88,12.82,28,960,1.29,0.25,coarse root,469,5.3,88,0.39,,7.8,Manlay et al. 2004
Dichrostachys cinerea,Shrub ,-14.88,12.82,28,960,1.89,0.64,coarse root,462,14.9,31,0.67,,10.8,Manlay et al. 2004
Dichrostachys cinerea,Shrub ,-14.88,12.82,28,960,1,0,coarse root,464,12.2,38,0.57,,13.2,Manlay et al. 2004
Terminalia macroptera,Shrub ,-14.88,12.82,28,960,1.36,0.31,coarse root,458,3.7,125,0.28,,18.4,Manlay et al. 2004
Terminalia macroptera,Shrub ,-14.88,12.82,28,960,0.85,-0.16,coarse root,468,3.5,133,0.29,,13.7,Manlay et al. 2004
Combretum glutinosum,Shrub ,-15.67,13.75,28.2,720,1.15,0.14,fine root,426,12.5,34,0.5,,20,Manlay et al. 2004
Combretum,Shrub ,-14.88,12.82,28,960,1.82,0.6,fine root,468,5.3,89,0.46,,23.3,Manlay et al. 2004
Combretum glutinosum,Shrub ,-14.88,12.82,28,960,1.85,0.62,fine root,472,5.8,82,0.47,,14.2,Manlay et al. 2004
Dichrostachys cinerea,Shrub ,-14.88,12.82,28,960,2.17,0.77,fine root,472,16.3,29,0.67,,9.4,Manlay et al. 2004
Terminalia macroptera,Shrub ,-14.88,12.82,28,960,1.86,0.62,fine root,472,5,94,0.46,,18.6,Manlay et al. 2004
native ,Deciduous broadleaf,-72.19,42.48,7,1273,1.374,0.32,fine root,,13,,,21.9,,McClaugherty and Aber 1982
native ,Deciduous broadleaf,-72.19,42.48,7,1273,1.243,0.22,fine root,,8,,,23.3,,McClaugherty and Aber 1982
native ,Deciduous broadleaf,-72.19,42.48,7,1273,1.38,0.32,fine root,,10,,,,,McClaugherty and Aber 1982
native ,Deciduous broadleaf,-72.19,42.48,7,1273,1.334,0.29,fine root,,6,,,23,,McClaugherty and Aber 1982
native ,Evergreen broadleaf,-72.19,42.48,7,1273,1.316,0.27,fine root,,12,,,21.8,,McClaugherty and Aber 1982
native ,Evergreen broadleaf,-72.19,42.48,7,1273,1.214,0.19,fine root,,8,,,21.6,,McClaugherty and Aber 1982
native ,Evergreen broadleaf,-72.19,42.48,7,1273,1.226,0.2,fine root,,10,,,24.8,,McClaugherty and Aber 1982
native ,Evergreen broadleaf,-72.19,42.48,7,1273,1.137,0.13,fine root,,7,,,21.7,,McClaugherty and Aber 1982
native ,Evergreen broadleaf,-72.19,42.48,7,1273,0.308,-1.18,fine root,,8,,,23.3,,McClaugherty and Aber 1982
native ,Evergreen broadleaf,-72.19,42.48,7,1273,0.282,-1.27,fine root,,6,,,23,,McClaugherty and Aber 1982
native ,Deciduous broadleaf,-72.19,42.48,7,1273,0.524,-0.65,fine root,,8,,,21.6,,McClaugherty and Aber 1982
native ,Deciduous broadleaf,-72.19,42.48,7,1273,0.65,-0.43,fine root,,7,,,21.7,,McClaugherty and Aber 1982
hardwood,Deciduous broadleaf,-81.61,39.79,10.5,997,0.436,-0.83,fine root,,12,,,,,McClaugherty et al. 1984
hardwood,Deciduous broadleaf,-81.61,39.79,10.5,997,0.533,-0.63,fine root,,8,,,,,McClaugherty et al. 1984
hardwood,Deciduous broadleaf,-81.61,39.79,10.5,997,0.193,-1.65,fine root,,13.2,,,21.9,,McClaugherty et al. 1984
hardwood,Deciduous broadleaf,-81.61,39.79,10.5,997,0.573,-0.56,fine root,,8.5,,,23.3,,McClaugherty et al. 1984
Pinus resinosa Ait.,Conifer,-81.61,39.79,10.5,997,0.226,-1.49,fine root,,12,,,21.8,,McClaugherty et al. 1984
Pinus resinosa Ait.,Conifer,-81.61,39.79,10.5,997,0.652,-0.43,fine root,,8,,,21.6,,McClaugherty et al. 1984
A. saccharum Marsh,Deciduous broadleaf,-81.61,39.79,10.5,997,0.457,-0.78,fine root,,16.7,,,33.8,,McClaugherty et al. 1984
Pinus strobus L.,Conifer,-81.61,39.79,10.5,997,0.676,-0.39,fine root,,9.3,,,25.3,,McClaugherty et al. 1984
Eucalyptus grandis,Evergreen broadleaf,-47.15,-23.92,22.2,1686,0.56,-0.58,fine root,,,,,,,Mello et al. 2007
Eucalyptus grandis,Evergreen broadleaf,-47.15,-23.92,22.2,1686,0.61,-0.49,fine root,,,,,,,Mello et al. 2007
Eucalyptus grandis,Evergreen broadleaf,-47.15,-23.92,22.2,1686,0.57,-0.56,fine root,,,,,,,Mello et al. 2007
Eucalyptus grandis,Evergreen broadleaf,-47.15,-23.92,22.2,1686,0.7,-0.36,fine root,,,,,,,Mello et al. 2007
Eucalyptus grandis,Evergreen broadleaf,-47.15,-23.92,22.2,1686,0.39,-0.94,fine root,,,,,,,Mello et al. 2007
Eucalyptus grandis,Evergreen broadleaf,-47.15,-23.92,22.2,1686,0.88,-0.13,fine root,,,,,,,Mello et al. 2007
Eucalyptus grandis,Evergreen broadleaf,-47.15,-23.92,22.2,1686,0.33,-1.11,fine root,,,,,,,Mello et al. 2007
Eucalyptus grandis,Evergreen broadleaf,-47.15,-23.92,22.2,1686,0.27,-1.31,fine root,,,,,,,Mello et al. 2007
Eucalyptus grandis,Evergreen broadleaf,-47.15,-23.92,22.2,1686,0.98,-0.02,fine root,,,,,,,Mello et al. 2007
Eucalyptus grandis,Evergreen broadleaf,-47.15,-23.92,22.2,1686,2.11,0.75,fine root,,,,,,,Mello et al. 2007
Eucalyptus grandis,Evergreen broadleaf,-47.15,-23.92,22.2,1686,0.21,-1.56,fine root,,,,,,,Mello et al. 2007
Eucalyptus grandis,Evergreen broadleaf,-47.15,-23.92,22.2,1686,0.46,-0.78,fine root,,,,,,,Mello et al. 2007
Eucalyptus grandis,Evergreen broadleaf,-48.85,-23.02,22.2,1686,0.33,-1.11,fine root,,,,,,,Mello et al. 2007
Eucalyptus grandis,Evergreen broadleaf,-48.85,-23.02,22.2,1686,0.55,-0.6,fine root,,,,,,,Mello et al. 2007
Eucalyptus grandis,Evergreen broadleaf,-48.85,-23.02,22.2,1686,0.63,-0.46,fine root,,,,,,,Mello et al. 2007
Eucalyptus grandis,Evergreen broadleaf,-48.85,-23.02,22.2,1686,0.65,-0.43,fine root,,,,,,,Mello et al. 2007
Eucalyptus grandis,Evergreen broadleaf,-48.85,-23.02,22.2,1686,0.52,-0.65,fine root,,,,,,,Mello et al. 2007
Eucalyptus grandis,Evergreen broadleaf,-48.85,-23.02,22.2,1686,0.52,-0.65,fine root,,,,,,,Mello et al. 2007
Eucalyptus grandis,Evergreen broadleaf,-48.85,-23.02,22.2,1686,0.29,-1.24,fine root,,,,,,,Mello et al. 2007
Eucalyptus grandis,Evergreen broadleaf,-48.85,-23.02,22.2,1686,0.25,-1.39,fine root,,,,,,,Mello et al. 2007
Eucalyptus grandis,Evergreen broadleaf,-48.85,-23.02,22.2,1686,0.76,-0.27,fine root,,,,,,,Mello et al. 2007
Eucalyptus grandis,Evergreen broadleaf,-48.85,-23.02,22.2,1686,0.79,-0.24,fine root,,,,,,,Mello et al. 2007
Eucalyptus grandis,Evergreen broadleaf,-48.85,-23.02,22.2,1686,0.24,-1.43,fine root,,,,,,,Mello et al. 2007
Eucalyptus grandis,Evergreen broadleaf,-48.85,-23.02,22.2,1686,0.54,-0.62,fine root,,,,,,,Mello et al. 2007
Carx rostrata,Graminoid,-71.07,43.22,8.2,1123,0.752,-0.29,,459,5.6,82,,,,Moore et al. 2007
Carx rostrata,Graminoid,-71.07,43.22,8.2,1123,0.813,-0.21,,459,5.6,82,,,,Moore et al. 2007
Carx rostrata,Graminoid,-71.07,43.22,8.2,1123,0.895,-0.11,,459,5.6,82,,,,Moore et al. 2007
Chamaedaphne calyculata,Shrub ,-71.07,43.22,8.2,1123,0.866,-0.14,,485,2.5,194,,,,Moore et al. 2007
Chamaedaphne calyculata,Shrub ,-71.07,43.22,8.2,1123,0.964,-0.04,,485,2.5,194,,,,Moore et al. 2007
Chamaedaphne calyculata,Shrub ,-71.07,43.22,8.2,1123,0.999,0,,485,2.5,194,,,,Moore et al. 2007
Cardamine oligosperma,Graminoid,-75.5,45.4,6,883,0.782,-0.25,,464,4,116,,,,Moore et al. 2007
Cardamine oligosperma,Graminoid,-75.5,45.4,6,883,0.824,-0.19,,464,4,116,,,,Moore et al. 2007
Cardamine oligosperma,Graminoid,-75.5,45.4,6,883,0.847,-0.17,,464,4,116,,,,Moore et al. 2007
Chamaedaphne calyculata,Shrub ,-75.5,45.4,6,883,0.787,-0.24,,459,2.7,170,,,,Moore et al. 2007
Chamaedaphne calyculata,Shrub ,-75.5,45.4,6,883,0.829,-0.19,,459,2.7,170,,,,Moore et al. 2007
Chamaedaphne calyculata,Shrub ,-75.5,45.4,6,883,0.838,-0.18,,459,2.7,170,,,,Moore et al. 2007
Cardamine oligosperma,Graminoid,-75.5,45.4,6,883,0.744,-0.3,,464,4,116,,,,Moore et al. 2007
Cardamine oligosperma,Graminoid,-75.5,45.4,6,883,0.817,-0.2,,464,4,116,,,,Moore et al. 2007
Cardamine oligosperma,Graminoid,-75.5,45.4,6,883,0.836,-0.18,,464,4,116,,,,Moore et al. 2007
Chamaedaphne calyculata,Shrub ,-75.5,45.4,6,883,0.664,-0.41,,459,2.7,170,,,,Moore et al. 2007
Chamaedaphne calyculata,Shrub ,-75.5,45.4,6,883,0.792,-0.23,,459,2.7,170,,,,Moore et al. 2007
Chamaedaphne calyculata,Shrub ,-75.5,45.4,6,883,0.794,-0.23,,459,2.7,170,,,,Moore et al. 2007
Cardamine oligosperma,Graminoid,-75.5,45.4,6,883,1.242,0.22,,464,4,116,,,,Moore et al. 2007
Cardamine oligosperma,Graminoid,-75.5,45.4,6,883,1.377,0.32,,464,4,116,,,,Moore et al. 2007
Cardamine oligosperma,Graminoid,-75.5,45.4,6,883,1.418,0.35,,464,4,116,,,,Moore et al. 2007
Chamaedaphne calyculata,Shrub ,-75.5,45.4,6,883,1.291,0.26,,459,2.7,170,,,,Moore et al. 2007
Chamaedaphne calyculata,Shrub ,-75.5,45.4,6,883,1.352,0.3,,459,2.7,170,,,,Moore et al. 2007
Chamaedaphne calyculata,Shrub ,-75.5,45.4,6,883,1.349,0.3,,459,2.7,170,,,,Moore et al. 2007
Cardamine oligosperma,Graminoid,-75.5,45.4,6,883,1.262,0.23,,464,4,116,,,,Moore et al. 2007
Cardamine oligosperma,Graminoid,-75.5,45.4,6,883,1.253,0.23,,464,4,116,,,,Moore et al. 2007
Cardamine oligosperma,Graminoid,-75.5,45.4,6,883,1.411,0.34,,464,4,116,,,,Moore et al. 2007
Chamaedaphne calyculata,Shrub ,-75.5,45.4,6,883,1.314,0.27,,459,2.7,170,,,,Moore et al. 2007
Chamaedaphne calyculata,Shrub ,-75.5,45.4,6,883,1.299,0.26,,459,2.7,170,,,,Moore et al. 2007
Chamaedaphne calyculata,Shrub ,-75.5,45.4,6,883,1.329,0.28,,459,2.7,170,,,,Moore et al. 2007
Passifloraæligularis_,Deciduous broadleaf,-64.75,-38.75,15,344,0.3,-1.2,,378,9,42,0.6,14,,Moretto and Distel 2003
Stipa gynerioides,Graminoid,-64.75,-38.75,15,344,0.2,-1.61,,448,7,64,0.4,20,,Moretto and Distel 2003
Passifloraæligularis_,Deciduous broadleaf,-63.75,-38.75,15,400,0.285,-1.26,,385,11,35,0.6,13,,Moretto et al. 2001
Stipa clarazii,Graminoid,-63.75,-38.75,15,400,0.215,-1.54,,378,14,27,0.7,16,,Moretto et al. 2001
Stipa tenuissima,Graminoid,-63.75,-38.75,15,400,0.299,-1.21,,418,11,38,0.4,19,,Moretto et al. 2001
Baileya multiradiata,Graminoid,-104.64,29.21,20,225,0.107,-2.23,,,7.2,,,16.7,,Mun and Whitford 1998
Gutierrezia sarothrae,Graminoid,-104.64,29.21,20,225,0.228,-1.48,,,7.3,,,23.6,,Mun and Whitford 1998
Erioneuron pulchellum,Graminoid,-104.64,29.21,20,225,0.211,-1.56,,,6.5,,,27,,Mun and Whitford 1998
Bouteloua eriopoda,Graminoid,-104.64,29.21,20,225,0.202,-1.6,,,5.9,,,29.5,,Mun and Whitford 1998
Panicum obtusum,Graminoid,-104.64,29.21,20,225,0.295,-1.22,,,6.9,,,28.7,,Mun and Whitford 1998
Gutierrezia sarothrae,Graminoid,-104.64,29.21,20,225,0.269,-1.31,,,7.3,,,23.6,,Mun and Whitford 1998
Gutierrezia sarothrae,Graminoid,-104.64,29.21,20,225,0.24,-1.43,,,7.3,,,23.6,,Mun and Whitford 1998
Gutierrezia sarothrae,Graminoid,-104.64,29.21,20,225,0.229,-1.47,,,7.3,,,23.6,,Mun and Whitford 1998
Gutierrezia sarothrae,Graminoid,-104.64,29.21,20,225,0.203,-1.59,,,7.3,,,23.6,,Mun and Whitford 1998
Gutierrezia sarothrae,Graminoid,-104.64,29.21,20,225,0.258,-1.35,,,7.3,,,23.6,,Mun and Whitford 1998
Gutierrezia sarothrae,Graminoid,-104.64,29.21,20,225,0.225,-1.49,,,7.3,,,23.6,,Mun and Whitford 1998
Erioneuron pulchellum,Graminoid,-104.64,29.21,20,225,0.308,-1.18,,,6.5,,,27,,Mun and Whitford 1998
Erioneuron pulchellum,Graminoid,-104.64,29.21,20,225,0.287,-1.25,,,6.5,,,27,,Mun and Whitford 1998
Erioneuron pulchellum,Graminoid,-104.64,29.21,20,225,0.272,-1.3,,,6.5,,,27,,Mun and Whitford 1998
Erioneuron pulchellum,Graminoid,-104.64,29.21,20,225,0.232,-1.46,,,6.5,,,27,,Mun and Whitford 1998
Erioneuron pulchellum,Graminoid,-104.64,29.21,20,225,0.287,-1.25,,,6.5,,,27,,Mun and Whitford 1998
Erioneuron pulchellum,Graminoid,-104.64,29.21,20,225,0.276,-1.29,,,6.5,,,27,,Mun and Whitford 1998
Juniperus virginiana,Conifer,,,13,835,0.195,-1.63,fine root,504,5,100.7,,32.3,,Norris et al. 2001
Andropogon gerardii,Graminoid,,,13,835,0.416,-0.88,,469,7.1,66,,16.4,,"Norris et al.,2001"
Picea sitchensis (Bong.) Carr.,Conifer,-7.25,52.95,9.3,850,0.11,-2.21,coarse root,492,4.3,114.5,,,,Olajuyigbe et al. 2012
Picea sitchensis (Bong.) Carr.,Conifer,-7.25,52.95,9.3,850,0.08,-2.53,coarse root,521,2.1,248.2,,,,Olajuyigbe et al. 2012
Picea sitchensis (Bong.) Carr.,Conifer,-7.25,52.95,9.3,850,0.04,-3.22,coarse root,521,2.1,248.2,,,,Olajuyigbe et al. 2012
Picea sitchensis (Bong.) Carr.,Conifer,-7.25,52.95,9.3,850,0.05,-3,coarse root,509,2.1,242.6,,,,Olajuyigbe et al. 2012
Picea sitchensis (Bong.) Carr.,Conifer,-7.25,52.95,9.3,850,0.17,-1.77,fine root,469,9.1,51.6,,,,Olajuyigbe et al. 2012
native ,Evergreen broadleaf,-155.36,19.3,16,2500,0.543,-0.61,fine root,,,,,,,Osterag and Hobbie 1999
native ,Evergreen broadleaf,-159.63,22.1,16,2500,0.519,-0.66,fine root,,,,,,,Osterag and Hobbie 1999
native ,Evergreen broadleaf,-155.24,19.98,16,2500,0.302,-1.2,fine root,,,,,,,Osterag and Hobbie 1999
native ,Mixed,-66.08,18.02,21.5,2000,0.6,-0.51,fine root,409,9,45.4,,26.1,,Osterag et al. 2008
native ,Mixed,-66.08,18.02,21.5,2000,0.48,-0.73,fine root,409,9,45.4,,26.1,,Osterag et al. 2008
native ,Mixed,-66.08,18.02,21.5,2000,0.37,-0.99,fine root,409,9,45.4,,26.1,,Osterag et al. 2008
native ,Mixed,-66.08,18.02,21.5,2000,0.5,-0.69,fine root,52,1.1,47.2,,26.5,,Osterag et al. 2008
native ,Mixed,-66.08,18.02,21.5,2000,0.7,-0.36,fine root,52,1.1,47.2,,26.5,,Osterag et al. 2008
native ,Mixed,-66.08,18.02,21.5,2000,0.6,-0.51,fine root,52,1.1,47.2,,26.5,,Osterag et al. 2008
native ,Mixed,-66.08,18.02,21.5,2000,0.53,-0.63,fine root,411,9,45.7,,26.7,,Osterag et al. 2008
native ,Mixed,-66.08,18.02,21.5,2000,0.44,-0.82,fine root,411,9,45.7,,26.7,,Osterag et al. 2008
native ,Mixed,-66.08,18.02,21.5,2000,0.5,-0.69,fine root,411,9,45.7,,26.7,,Osterag et al. 2008
native ,Mixed,-66.08,18.02,21.5,2000,0.87,-0.14,fine root,451,14,32.2,,29.2,,Osterag et al. 2008
native ,Mixed,-66.08,18.02,21.5,2000,0.79,-0.24,fine root,451,14,32.2,,29.2,,Osterag et al. 2008
native ,Mixed,-66.08,18.02,21.5,2000,0.64,-0.45,fine root,451,14,32.2,,29.2,,Osterag et al. 2008
native ,Mixed,-66.08,18.02,21.5,2000,0.69,-0.37,fine root,457,11,41.5,,33.1,,Osterag et al. 2008
native ,Mixed,-66.08,18.02,21.5,2000,0.65,-0.43,fine root,457,11,41.5,,33.1,,Osterag et al. 2008
native ,Mixed,-66.08,18.02,21.5,2000,0.53,-0.63,fine root,457,11,41.5,,33.1,,Osterag et al. 2008
native ,Mixed,-66.08,18.02,21.5,2000,0.54,-0.62,fine root,458,12,38.2,,32.2,,Osterag et al. 2008
native ,Mixed,-66.08,18.02,21.5,2000,0.57,-0.56,fine root,458,12,38.2,,32.2,,Osterag et al. 2008
native ,Mixed,-66.08,18.02,21.5,2000,0.6,-0.51,fine root,458,12,38.2,,32.2,,Osterag et al. 2008
Halimione portulacoides ,Graminoid,-9.13,38.73,,,1.41,0.34,,,,,,,,Pereira et al. 2007
Halimione portulacoides ,Graminoid,-9.13,38.73,,,1.145,0.14,,,,,,,,Pereira et al. 2007
native ,Mixed,-80.9,25.29,23.7,1269,0.84,-0.17,coarse root,349,2.9,120,,22.9,,Poret et al. 2007
native ,Mixed,-80.9,25.29,23.7,1269,0.73,-0.31,coarse root,355,3,117,,23.4,,Poret et al. 2007
native ,Mixed,-80.9,25.29,23.7,1269,1.022,0.02,coarse root,435,3,147,,24.5,,Poret et al. 2007
native ,Mixed,-80.9,25.29,23.7,1269,1.132,0.12,coarse root,376,2.5,148,,20.5,,Poret et al. 2007
native ,Mixed,-80.9,25.29,23.7,1269,0.986,-0.01,coarse root,278,2.7,103,,25.5,,Poret et al. 2007
R. mangle,Evergreen broadleaf,-80.9,25.29,23.7,1269,0.584,-0.54,coarse root,,,,,,,Poret et al. 2007
native ,Mixed,-80.9,25.29,23.7,1269,0.694,-0.37,coarse root,337,3.2,104,,18.5,,Pyo et al. 2002
alder,Deciduous broadleaf,127.12,36.45,12.1,1279,0.448,-0.8,fine root,,15,,0.69,,,Pyo et al. 2002
oak,Evergreen broadleaf,127.12,36.45,12.1,1279,0.269,-1.31,fine root,,16.8,,0.37,,,Pyo et al. 2002
Pitch pine,Conifer,127.12,36.45,12.1,1279,0.228,-1.48,fine root,,16.5,,0.44,,,Pyo et al. 2002
Andropogon gerardii ,Graminoid,-96.58,39.08,13,835,1.204,0.19,,492,6,82,,,,Reed et al. 2009
Andropogon gerardii ,Graminoid,-96.58,39.08,13,835,1.552,0.44,,492,6,82,,,,Reed et al. 2009
Andropogon gerardii ,Graminoid,-96.58,39.08,13,835,1.629,0.49,,525,7,75,,,,Reed et al. 2009
Andropogon gerardii ,Graminoid,-96.58,39.08,13,835,1.575,0.45,,525,7,75,,,,Reed et al. 2009
Andropogon gerardii ,Graminoid,-96.58,39.08,13,835,0.807,-0.21,,467,4.1,114,,,,Reed et al. 2009
Andropogon gerardii ,Graminoid,-96.58,39.08,13,835,0.628,-0.47,,467,4.1,114,,,,Reed et al. 2009
Salvia fruticosa,Graminoid,-12.25,45.25,12.8,1045,0.292,-1.23,,,,,,,,Scarton et al. 2002
Metrosideros polymorpha,Evergreen broadleaf,-156.26,20.81,15.7,2200,0.61,-0.5,fine root,,9.5,,0.53,30.3,,Schuur 2001
Metrosideros polymorpha,Evergreen broadleaf,-156.25,20.81,15.7,2450,0.58,-0.54,fine root,,15.4,,0.57,28.8,,Schuur 2001
Metrosideros polymorpha,Evergreen broadleaf,-156.15,20.8,15,2750,0.434,-0.83,fine root,,13.1,,0.49,32,,Schuur 2001
Metrosideros polymorpha,Evergreen broadleaf,-156.25,20.8,14.6,3350,0.383,-0.96,fine root,,6.1,,0.4,29.1,,Schuur 2001
Metrosideros polymorpha,Evergreen broadleaf,-156.25,20.8,14.6,4050,0.511,-0.67,fine root,,7.3,,0.42,30.2,,Schuur 2001
Metrosideros polymorpha,Evergreen broadleaf,-156.25,20.8,14.6,5050,0.175,-1.74,fine root,,7.5,,0.39,30.1,,Schuur 2001
native ,Mixed,-96.6,39.1,12.2,835,0.838,-0.18,,,,,,,,Seastedt 1988
native ,Mixed,-96.6,39.1,12.2,835,0.936,-0.07,,,,,,,,Seastedt 1988
Lolium multiflorum ,Graminoid,-58.5,-36.5,14.9,960,2.68,0.99,,,10.7,,1,10.6,,Semmartin et al. 2007
Paspalum dilatatum,Graminoid,-58.5,-36.5,14.9,960,2.77,1.02,,,11.3,,0.8,12.5,,Semmartin et al. 2007
Lolium multiflorum ,Graminoid,-58.5,-36.5,14.9,960,2.41,0.88,,,8,,0.6,14.8,,Semmartin et al. 2007
Paspalum dilatatum,Graminoid,-58.5,-36.5,14.9,960,2.67,0.98,,,5.3,,0.6,13.3,,Semmartin et al. 2007
native ,Graminoid,-99.45,46.72,3.5,432,0.136,-2,,,8.8,,,,,Shariff et al. 1994
native ,Graminoid,-99.45,46.72,3.5,432,0.166,-1.8,,,8.8,,,,,Shariff et al. 1994
native ,Graminoid,-99.45,46.72,3.5,432,0.691,-0.37,,,8.8,,,,,Shariff et al. 1994
native ,Graminoid,-99.45,46.72,3.5,432,0.117,-2.15,,,8.8,,,,,Shariff et al. 1994
native ,Graminoid,-99.45,46.72,3.5,432,0.09,-2.41,,,8.8,,,,,Shariff et al. 1994
native ,Graminoid,-99.45,46.72,3.5,432,0.662,-0.41,,,8.8,,,,,Shariff et al. 1994
native ,Graminoid,-99.45,46.72,3.5,432,0.115,-2.16,,,8.8,,,,,Shariff et al. 1994
native ,Graminoid,-99.45,46.72,3.5,432,0.105,-2.25,,,8.8,,,,,Shariff et al. 1994
native ,Graminoid,-99.45,46.72,3.5,432,0.506,-0.68,,,8.8,,,,,Shariff et al. 1994
native ,Graminoid,-99.45,46.72,3.5,432,0.109,-2.22,,,9.9,,,,,Shariff et al. 1994
native ,Graminoid,-99.45,46.72,3.5,432,0.104,-2.26,,,9.9,,,,,Shariff et al. 1994
native ,Graminoid,-99.45,46.72,3.5,432,0.48,-0.73,,,9.9,,,,,Shariff et al. 1994
native ,Graminoid,-99.45,46.72,3.5,432,0.102,-2.28,,,9.9,,,,,Shariff et al. 1994
native ,Graminoid,-99.45,46.72,3.5,432,0.075,-2.59,,,9.9,,,,,Shariff et al. 1994
native ,Graminoid,-99.45,46.72,3.5,432,0.616,-0.48,,,9.9,,,,,Shariff et al. 1994
native ,Graminoid,-99.45,46.72,3.5,432,0.086,-2.45,,,9.9,,,,,Shariff et al. 1994
native ,Graminoid,-99.45,46.72,3.5,432,0.103,-2.27,,,9.9,,,,,Shariff et al. 1994
native ,Graminoid,-99.45,46.72,3.5,432,0.389,-0.94,,,9.9,,,,,Shariff et al. 1994
Casuarina equisetifolia,Evergreen broadleaf,83.21,24.11,18.4,930.6,0.148,-1.91,coarse root,,8.8,,,,,Srivastava and Ambasht 1996
Casuarina equisetifolia,Evergreen broadleaf,83.21,24.11,18.4,930.6,0.16,-1.83,coarse root,,8.5,,,,,Srivastava and Ambasht 1996
Zygophyllum dumosum,Shrub ,34.96,32.09,14.5,90,0.189,-1.67,,,,,,,,Steinberger et al. 1995
Zygophyllum dumosum,Shrub ,34.96,32.09,14.5,90,0.189,-1.67,,,,,,,,Steinberger et al. 1995
Zygophyllum dumosum,Shrub ,34.96,32.09,14.5,90,0.189,-1.67,,,,,,,,Steinberger et al. 1995
Salix planifolia,Graminoid,,,1.7,500,1.018,0.02,fine root,223,10.4,21.4,15.43,,,Thormann et al. 2001
Salix planifolia,Graminoid,,,1.7,500,0.65,-0.43,fine root,223,10.4,21.4,15.43,,,Thormann et al. 2001
Salix planifolia,Graminoid,,,1.7,500,0.504,-0.69,fine root,223,10.4,21.4,15.43,,,Thormann et al. 2001
Dendrocalamus strictus,Graminoid,82.63,25.04,25.6,981,1.71,0.54,fine root,442,8.5,52,0.24,19.9,5.3,Tripathi and Singh 1992
Betula ermanii,Deciduous broadleaf,142.32,44.38,4.1,1128,0.28,-1.27,coarse root,455,6.9,66,,41.7,,Tripathi et al. 2006
Betula ermanii,Deciduous broadleaf,142.32,44.38,4.1,1128,0.35,-1.05,fine root,441,10.5,42,,32.6,,Tripathi et al. 2006
Sasa kurilensis ,Shrub,142.32,44.38,4.1,1128,0.34,-1.08,fine root,428,11.9,36,,30.8,,Tripathi et al. 2006
Salix viminalis,Deciduous broadleaf,26.92,58.7,12.6,733,0.325,-1.12,fine root,,15.1,,0.31,,, lle PÙttsepp et al. 2007
Salix dasyclados,Deciduous broadleaf,26.92,58.7,12.6,733,0.162,-1.82,fine root,,16.6,,0.32,,, lle PÙttsepp et al. 2007
Qucrcus leucotnchophora,Deciduous broadleaf,79.43,29.27,13.2,1963,0.298,-1.21,coarse root,,6,,,,,Usman et al. 2000
Pinus roxburghii ,Conifer,79.43,29.27,13.2,1963,0.238,-1.44,coarse root,,4.8,,,,,Usman et al. 2000
Qucrcus leucotnchophora,Deciduous broadleaf,79.43,29.27,13.2,1963,0.423,-0.86,fine root,,7.2,,,,,Usman et al. 2000
Qucrcus leucotnchophora,Deciduous broadleaf,79.43,29.27,13.2,1963,0.341,-1.08,fine root,,6.8,,,,,Usman et al. 2000
Pinus roxburghii ,Conifer,79.43,29.27,13.2,1963,0.399,-0.92,fine root,,6.6,,,,,Usman et al. 2000
Pinus roxburghii ,Conifer,79.43,29.27,13.2,1963,0.267,-1.32,fine root,,5.2,,,,,Usman et al. 2000
Erica,Shrub,5.78,52.25,9.3,740,0.03,-3.51,,530,10.7,49.6,0.21,37.1,,Vuuern et al. 1992
Molinia,Graminoid,5.78,52.25,9.3,740,0.29,-1.24,,480,16.3,29.5,0.36,16.7,,Vuuern et al. 1992
Pinus massoniana,Evergreen broadleaf,106.83,22.17,21,1400,0.61,-0.49,fine root,484,6,80.6,0.35,,2,Wang et al. 2010
Castanopsis hystrix,Evergreen broadleaf,106.83,22.17,21,1400,0.71,-0.34,fine root,463,7.8,59.4,0.45,,2.7,Wang et al. 2010
Michelia macclurei,Evergreen broadleaf,106.83,22.17,21,1400,0.95,-0.05,fine root,392,10.2,38.4,0.57,,4.2,Wang et al. 2010
Mytilaria laosensis,Evergreen broadleaf,106.83,22.17,21,1400,0.7,-0.36,fine root,445,6.5,68.4,0.4,,1.6,Wang et al. 2010
native ,Mixed,-119,51,1.2,1000,0.708,-0.35,fine root,,,,,,,Welke et al. 2003
native ,Mixed,-119,51,1.2,1000,0.394,-0.93,fine root,,,,,,,Welke et al. 2003
native ,Mixed,-119,51,1.2,1000,0.269,-1.31,fine root,,,,,,,Welke et al. 2003
native ,Mixed,-119,51,1.2,1000,0.205,-1.58,fine root,,,,,,,Welke et al. 2003
native ,Mixed,-119,51,1.2,1000,0.72,-0.33,fine root,,,,,,,Welke et al. 2003
native ,Mixed,-119,51,1.2,1000,0.4,-0.92,fine root,,,,,,,Welke et al. 2003
native ,Mixed,-119,51,1.2,1000,0.275,-1.29,fine root,,,,,,,Welke et al. 2003
native ,Mixed,-119,51,1.2,1000,0.204,-1.59,fine root,,,,,,,Welke et al. 2003
native ,Mixed,-119,51,1.2,1000,0.7,-0.36,fine root,,,,,,,Welke et al. 2003
native ,Mixed,-119,51,1.2,1000,0.388,-0.95,fine root,,,,,,,Welke et al. 2003
native ,Mixed,-119,51,1.2,1000,0.263,-1.34,fine root,,,,,,,Welke et al. 2003
native ,Mixed,-119,51,1.2,1000,0.202,-1.6,fine root,,,,,,,Welke et al. 2003
native ,Mixed,-119,51,1.2,1000,0.66,-0.42,fine root,,,,,,,Welke et al. 2003
native ,Mixed,-119,51,1.2,1000,0.375,-0.98,fine root,,,,,,,Welke et al. 2003
native ,Mixed,-119,51,1.2,1000,0.261,-1.34,fine root,,,,,,,Welke et al. 2003
native ,Mixed,-119,51,1.2,1000,0.196,-1.63,fine root,,,,,,,Welke et al. 2003
Aster laurentianus,Graminoid,-98.32,50.18,2.2,470,0.897,-0.11,,447,10.1,44.3,1.2,,,Wrubleski et al. 1997
Aster laurentianus,Graminoid,-98.32,50.18,2.2,470,0.636,-0.45,,447,10.1,44.3,1.2,,,Wrubleski et al. 1997
Aster laurentianus,Graminoid,-98.32,50.18,2.2,470,0.481,-0.73,,447,10.1,44.3,1.2,,,Wrubleski et al. 1997
Atriplex patula,Graminoid,-98.32,50.18,2.2,470,0.838,-0.18,,446,5.6,79.7,0.67,,,Wrubleski et al. 1997
Atriplex patula,Graminoid,-98.32,50.18,2.2,470,0.508,-0.68,,446,5.6,79.7,0.67,,,Wrubleski et al. 1997
Atriplex patula,Graminoid,-98.32,50.18,2.2,470,0.377,-0.98,,446,5.6,79.7,0.67,,,Wrubleski et al. 1997
Chenopodium rubrum,Graminoid,-98.32,50.18,2.2,470,0.666,-0.41,,465,4,116.2,0.32,,,Wrubleski et al. 1997
Chenopodium rubrum,Graminoid,-98.32,50.18,2.2,470,0.447,-0.81,,465,4,116.2,0.32,,,Wrubleski et al. 1997
Chenopodium rubrum,Graminoid,-98.32,50.18,2.2,470,0.343,-1.07,,465,4,116.2,0.32,,,Wrubleski et al. 1997
AbiesæfaxonianaæRehd.etæWild,Conifer,104.08,32.97,2.9,813,0.808,-0.21,fine root,450,6.3,71.5,1.13,,,Wu et al. 2010
AbiesæfaxonianaæRehd.etæWild,Conifer,104.08,32.97,2.9,813,0.848,-0.16,fine root,499,6.1,82.2,1.14,,,Wu et al. 2010
Betula Platyphylla,Deciduous broadleaf,104.08,32.97,2.9,813,0.852,-0.16,fine root,429,10.3,41.8,0.73,,,Wu et al. 2010
Betula Platyphylla,Deciduous broadleaf,104.08,32.97,2.9,813,0.85,-0.16,fine root,400,6.2,64.3,0.6,,,Wu et al. 2010
native ,Mixed,115.42,39.95,4.8,612,0.623,-0.47,fine root,449,7.4,60.7,,30.8,,Xiao et al. 2010
native ,Mixed,115.42,39.95,4.8,612,0.556,-0.59,fine root,435,6.6,65.9,,33.2,,Xiao et al. 2010
native ,Mixed,110.5,31.5,10.6,1514,0.845,-0.17,fine root,449,7,64.1,,32.1,,Xiao et al. 2010
Tsoongiodendron odorum,Evergreen broadleaf,117.43,26.19,19.1,1749,1.01,0.01,fine root,,7.3,,0.56,,,Yang et al. 2004
Tsoongiodendron odorum,Evergreen broadleaf,117.43,26.19,19.1,1749,1.19,0.17,fine root,,5.3,,0.39,,,Yang et al. 2004
Tsoongiodendron odorum,Evergreen broadleaf,117.43,26.19,19.1,1749,1.44,0.36,fine root,,4.6,,0.31,,,Yang et al. 2004
Cunninghamia lanceolata,Conifer,117.43,26.19,19.1,1749,0.79,-0.24,fine root,,13.5,,2.17,,,Yang et al. 2004
Cunninghamia lanceolata,Conifer,117.43,26.19,19.1,1749,0.94,-0.06,fine root,,9.9,,1.98,,,Yang et al. 2004
Cunninghamia lanceolata,Conifer,117.43,26.19,19.1,1749,1.12,0.11,fine root,,8.7,,1.89,,,Yang et al. 2004
Castanopsisækawakamii,Evergreen broadleaf,117.43,26.19,19.1,1749,1.17,0.16,fine root,,,,,,,Yang et al. 2004
Castanopsisækawakamii,Evergreen broadleaf,117.43,26.19,19.1,1749,1.42,0.35,fine root,,,,,,,Yang et al. 2004
Castanopsisækawakamii,Evergreen broadleaf,117.43,26.19,19.1,1749,1.65,0.5,fine root,,,,,,,Yang et al. 2004
Castanopsisækawakamii,Evergreen broadleaf,117.43,26.19,19.1,1749,1.02,0.02,fine root,,,,,,,Yang et al. 2004
Castanopsisækawakamii,Evergreen broadleaf,117.43,26.19,19.1,1749,1.39,0.33,fine root,,,,,,,Yang et al. 2004
Castanopsisækawakamii,Evergreen broadleaf,117.43,26.19,19.1,1749,1.53,0.43,fine root,,,,,,,Yang et al. 2004
Fokienia hodginsii,Conifer,117.43,26.19,19.1,1749,0.58,-0.54,fine root,,,,,,,Yang et al. 2004
Fokienia hodginsii,Conifer,117.43,26.19,19.1,1749,0.69,-0.37,fine root,,,,,,,Yang et al. 2004
Fokienia hodginsii,Conifer,117.43,26.19,19.1,1749,0.84,-0.17,fine root,,,,,,,Yang et al. 2004
Cunninghamia lanceolata,Conifer,117.43,26.19,19.1,1749,0.66,-0.42,fine root,,,,,,,Yang et al. 2004
Cunninghamia lanceolata,Conifer,117.43,26.19,19.1,1749,0.8,-0.22,fine root,,,,,,,Yang et al. 2004
Cunninghamia lanceolata,Conifer,117.43,26.19,19.1,1749,0.95,-0.05,fine root,,,,,,,Yang et al. 2004
Ormosia xylocarpa,Evergreen broadleaf,117.43,26.19,19.1,1749,1.06,0.06,fine root,,,,,,,Yang et al. 2004
Ormosia xylocarpa,Evergreen broadleaf,117.43,26.19,19.1,1749,1.42,0.35,fine root,,,,,,,Yang et al. 2004
Ormosia xylocarpa,Evergreen broadleaf,117.43,26.19,19.1,1749,1.53,0.43,fine root,,,,,,,Yang et al. 2004